name,g_smiles,mass1,mass2,mass3,time,mass-,mass+,best_well,best_purity,overlaps,conflicts
Product1,Cc1cc(-c2ccc(O)cc2C)n[nH]1,188.09,0.0,0,1.16,187.4,189.0,A1,8.616,<strong>Peak overlap detected!</strong>,No potential conflicts found.
Product2,Cc1cc(-c2ccccc2C)n[nH]1,172.1,0.0,0,0.0,-,-,None found.,0.0,N/A,No potential conflicts found.
Product3,COc1ccccc1-c1cc(C)[nH]n1,188.09,0.0,0,1.36,187.5,189.0,C1,30.63,<strong>Peak overlap detected!</strong>,No potential conflicts found.
Product4,Cc1cc(-c2ccccc2O)n[nH]1,174.08,0.0,0,1.49,172.85,174.95,D1,5.348,<strong>Peak overlap detected!</strong>,No potential conflicts found.
Product5,Cc1cc(-c2cc(Cl)ccc2Cl)n[nH]1,226.01,228.01,0,1.71,226.6,226.8,E1,6.398,<strong>Peak overlap detected!</strong>,No potential conflicts found.
Product6,Cc1ccc(C)c(-c2cc(C)[nH]n2)c1,186.12,0.0,0,1.59,-,187.0,F1,42.403,No peak overlap detected.,No potential conflicts found.
Product7,Cc1cc(-c2ccc(C#N)cc2C)n[nH]1,197.1,0.0,0,1.49,195.85,198.0,G1,25.188,<strong>Peak overlap detected!</strong>,No potential conflicts found.
Product8,Cc1cc(-c2ccc(Cl)cc2C)n[nH]1,206.06,208.06,0,1.68,204.9,206.9,H1,45.381,<strong>Peak overlap detected!</strong>,No potential conflicts found.
Product9,Cc1cc(-c2ccc(C(F)(F)F)cc2C)n[nH]1,240.09,0.0,0,0.0,-,-,None found.,0.0,N/A,No potential conflicts found.
Product10,Cc1cc(-c2ccc(C(F)(F)F)cc2F)n[nH]1,244.06,0.0,0,1.75,242.9,244.95,B2,37.089,<strong>Peak overlap detected!</strong>,No potential conflicts found.
Product11,Cc1cc(-c2cc(CO)ccc2Cl)n[nH]1,222.06,224.06,0,1.34,220.9,222.95,C2,17.894,<strong>Peak overlap detected!</strong>,No potential conflicts found.
Product12,Cc1cc(-c2sccc2C)n[nH]1,178.06,0.0,0,1.47,-,179.0,D2,5.909,<strong>Peak overlap detected!</strong>,No potential conflicts found.
Product13,Cc1cc(-c2c(C)noc2C)n[nH]1,177.09,0.0,0,1.23,176.35,178.0,E2,0.601,<strong>Peak overlap detected!</strong>,No potential conflicts found.
Product14,Cc1cc(-c2cn(C)c3ccccc23)n[nH]1,211.11,0.0,0,1.39,210.1,212.05,F2,3.086,<strong>Peak overlap detected!</strong>,No potential conflicts found.
Product15,Cc1cc(-c2cc3ccccc3n2C)n[nH]1,211.11,0.0,0,1.63,210.35,212.0,G2,17.241,<strong>Peak overlap detected!</strong>,No potential conflicts found.
Product16,Cc1cc(-c2cn[nH]c2)n[nH]1,148.07,0.0,0,0.0,-,-,None found.,0.0,N/A,No potential conflicts found.
Product17,Cc1cc(-c2ccoc2)n[nH]1,148.06,0.0,0,0.0,-,-,None found.,0.0,N/A,No potential conflicts found.
